"","Adolescent fertility rate (births per 1,000 women ages 15-19)","GDP growth (annual %)","Labor force participation rate, female (% of female population ages 15+)","GDP per capita (constant 2015 US$)","Maternal mortality ratio (modeled estimate, per 100,000 live births)","Gross savings (% of GDP)","Women's share of population ages 15+ living with HIV (%)","Prevalence of HIV, total (% of population ages 15-49)","Educational attainment, at least completed upper secondary, population 25+, female (%) (cumulative)"
"Adolescent fertility rate (births per 1,000 women ages 15-19)",1,0.105179410973772,0.0775372283266539,-0.493202514627664,0.761844494747623,-0.204704692396652,0.723890203788866,0.384834311039864,-0.763669624502155
"GDP growth (annual %)",0.105179410973772,1,0.00565646625740181,-0.093832129855599,0.105718306983594,0.170047338511502,0.0679033899427756,-0.00446164783350325,-0.13505868196073
"Labor force participation rate, female (% of female population ages 15+)",0.0775372283266539,0.00565646625740181,1,0.270801172388086,0.126972448651364,-0.0157521069616905,0.166225934093478,0.164723806092534,0.269876788605997
"GDP per capita (constant 2015 US$)",-0.493202514627664,-0.093832129855599,0.270801172388086,1,-0.370582516839384,0.172325495888421,-0.410145620932206,-0.184034880100074,0.567795542388754
"Maternal mortality ratio (modeled estimate, per 100,000 live births)",0.761844494747623,0.105718306983594,0.126972448651364,-0.370582516839384,1,-0.127099304272565,0.672061531546313,0.352449772898829,-0.669519084114568
"Gross savings (% of GDP)",-0.204704692396652,0.170047338511502,-0.0157521069616905,0.172325495888421,-0.127099304272565,1,-0.11994793818616,-0.0781365079608602,0.109780537401171
"Women's share of population ages 15+ living with HIV (%)",0.723890203788866,0.0679033899427756,0.166225934093478,-0.410145620932206,0.672061531546313,-0.11994793818616,1,0.496141059502862,-0.671283207133228
"Prevalence of HIV, total (% of population ages 15-49)",0.384834311039864,-0.00446164783350325,0.164723806092534,-0.184034880100074,0.352449772898829,-0.0781365079608602,0.496141059502862,1,-0.273631909188461
"Educational attainment, at least completed upper secondary, population 25+, female (%) (cumulative)",-0.763669624502155,-0.13505868196073,0.269876788605997,0.567795542388754,-0.669519084114568,0.109780537401171,-0.671283207133228,-0.273631909188461,1
